name,person,street,zip,city,canton,phone,website,source_count,sources,url
Fourtwenty Trendshop,Mosimann Michael,Kramgasse 3,3011,Bern,BE,031 311 40 18,,4,search.ch:cbd; search.ch:grow shop; search.ch:growshop; search.ch:head shop,https://tel.search.ch/bern/kramgasse-3/fourtwenty-trendshop
CBD Green Planet Grow Shop,Matériel pour la Culture et CBD,Rue Centrale 13,1880,Bex,VD,079 151 99 66,,3,search.ch:cbd; search.ch:grow shop; search.ch:growshop,https://tel.search.ch/bex/rue-centrale-13/cbd-green-planet-grow-shop
Fourtwenty GmbH,Michael Mosimann,Worblentalstrasse 30,3063,Ittigen,BE,031 371 03 07,,3,search.ch:grow shop; search.ch:growshop; search.ch:head shop,https://tel.search.ch/ittigen/worblentalstrasse-30/fourtwenty-gmbh
HEMP Basement,Verkauf,Bahnhofstrasse 5,8590,Romanshorn,TG,077 283 48 26,,3,search.ch:grow shop; search.ch:growshop; search.ch:head shop,https://tel.search.ch/romanshorn/bahnhofstrasse-5/hemp-basement
Smoketown Wil GmbH,Marco Rupp,Lerchenfeldstrasse 11,9500,Wil,SG,071 910 07 71,,3,search.ch:grow shop; search.ch:growshop; search.ch:head shop,https://tel.search.ch/wil/lerchenfeldstrasse-11/smoketown-wil-gmbh
Auto Chiesa SA,Consulenza vendita e riparazione,Via Cantonale 38,6595,Riazzino,TI,091 850 50 20,,2,search.ch:grow shop; search.ch:head shop,https://tel.search.ch/riazzino/via-cantonale-38/auto-chiesa-sa
CANNASMART.CH,Le meilleur du CBD,Route de l'Ancienne-Papeterie 190,1723,Marly,FR,026 551 00 09,,2,search.ch:cbd; search.ch:grow shop,https://tel.search.ch/marly/route-de-lancienne-papeterie-190/cannasmart-ch
DOMAINE DES LOVERESSES,Cornu Philippe,Route de l'Etraz 1,1169,Yens,VD,021 800 38 17,,2,search.ch:grow shop; search.ch:head shop,https://tel.search.ch/yens/route-de-letraz-1/domaine-des-loveresses
Grow & Garden,CBD Shop - GROW Shop,Via Dufour 3,6900,Lugano,TI,079 445 39 81,,2,search.ch:grow shop; search.ch:growshop,https://tel.search.ch/lugano/via-dufour-3/grow-garden
GrowTastic GmbH,"Quarti, Sabrina",Von May-Strasse 39a,3604,Thun,BE,033 845 00 00,,2,search.ch:grow shop; search.ch:growshop,https://tel.search.ch/thun/von-may-strasse-39a/growtastic-gmbh
Gruber Mändli's CBD + Headshop,Gruber Roman,Bahnhofstrasse 1,9443,Widnau,SG,071 722 03 03,,2,search.ch:cbd; search.ch:head shop,https://tel.search.ch/widnau/bahnhofstrasse-1/gruber-maendlis-cbd-headshop
Grünhaus AG,Gärtnereiartikel,Herostrasse 7,8048,Zürich,ZH,043 343 06 63,,2,search.ch:grow shop; search.ch:growshop,https://tel.search.ch/zuerich/herostrasse-7/gruenhaus-ag
Jungle Grow Shop / Jungle-Boost GmbH,,Hauptstrasse 49,2563,Ipsach,BE,032 331 12 59,,2,search.ch:grow shop; search.ch:growshop,https://tel.search.ch/ipsach/hauptstrasse-49/jungle-grow-shop-jungle-boost-gmbh
La Feuille d'Or,grow et head shop,Rue de la Corsaz 15,1820,Montreux,VD,021 963 35 25,,2,search.ch:grow shop; search.ch:head shop,https://tel.search.ch/montreux/rue-de-la-corsaz-15/la-feuille-dor
MeO-LaB GmbH,"Prodotti CBD naturali: Fiori CBD, Resine CBD pure, Vaporizzatori e accessori per benessere e relax",Via Monte Ceneri 42,6572,Quartino,TI,079 359 67 58,,2,search.ch:grow shop; search.ch:growshop,https://tel.search.ch/quartino/via-monte-ceneri-42/meo-lab-gmbh
Mystic Shop / Studio Piercing e Tattoo,Smokeshop Growshop e-sigarette,Corso Elvezia 13,6900,Lugano,TI,091 922 75 91,,2,search.ch:grow shop; search.ch:growshop,https://tel.search.ch/lugano/corso-elvezia-13/mystic-shop-studio-piercing-e-tattoo
Zauber - Blüten Grow & Head Shop,CBD Hanf,Schellenhausstrasse 4,5620,Bremgarten,AG,076 339 06 95,,2,search.ch:grow shop; search.ch:head shop,https://tel.search.ch/bremgarten/schellenhausstrasse-4/zauber-blueten-grow-head-shop
Adams CBD Shop,,Steinenvorstadt 33,4051,Basel,BS,061 271 18 88,,1,search.ch:cbd,https://tel.search.ch/basel/steinenvorstadt-33/adams-cbd-shop
Aléria Coiffure Institut Capillaire,,Rue du Trésor 9,2000,Neuchâtel,NE,032 725 15 24,,1,search.ch:head shop,https://tel.search.ch/neuchatel/rue-du-tresor-9/aleria-coiffure-institut-capillaire
Armeria Blockhouse Sagl,"Cuccu, Paolo Raimondo",Al Gagiurasc 12,6528,Camorino,TI,091 225 15 05,,1,search.ch:grow shop,https://tel.search.ch/camorino/al-gagiurasc-12/armeria-blockhouse-sagl
Arvi SA,Commercio Vini Rari e Pregiati,Via Pedemonte di Sopra 1,6818,Melano,TI,091 649 68 88,,1,search.ch:head shop,https://tel.search.ch/melano/via-pedemonte-di-sopra-1/arvi-sa
atelier M12,,Route de Grallard 15B,1867,Ollon,VD,076 823 15 93,,1,search.ch:head shop,https://tel.search.ch/ollon/route-de-grallard-15b/atelier-m12
Basler Kindernäscht,,Gerbergasse 14,4001,Basel,BS,061 261 49 39,,1,search.ch:grow shop,https://tel.search.ch/basel/gerbergasse-14/basler-kindernaescht
BergBlüten / Hanfpfoten CBD-Shop,Beratung und Vertrieb von eigens hergestellten CBD-Produkten nach schweizer Qualität ohne Pestizide,Kanalweg 38,8866,Ziegelbrücke,GL,031 332 15 15,,1,search.ch:cbd,https://tel.search.ch/ziegelbruecke/kanalweg-38/bergblueten-hanfpfoten-cbd-shop
BergBlüten AG Zweigniederlassung,Beratung und Vertrieb von eigens hergestellten CBD-Produkten nach schweizer Qualität ohne Pestizide,Kantonsstrasse 99,3952,Susten,VS,031 332 15 15,,1,search.ch:cbd,https://tel.search.ch/susten/kantonsstrasse-99/bergblueten-ag-zweigniederlassung
Bike & Skisport Sigriswil,Stauffer Daniel / Peter Stauffer,Endorfstrasse 5,3655,Sigriswil,BE,033 251 20 66,,1,search.ch:head shop,https://tel.search.ch/sigriswil/endorfstrasse-5/bike-skisport-sigriswil
Bio Top Center GmbH,"Head Growshop, Minigrips, Bongs, Homeboxsysteme, Rasta- und Hanftextilien",Konradstrasse 28,8005,Zürich,ZH,044 272 71 21,,1,search.ch:growshop,https://tel.search.ch/zuerich/konradstrasse-28/bio-top-center-gmbh
Bischofberger Gardening,"Growshop, Headshop und CBD",Oststrasse 25,9000,St. Gallen,SG,076 815 43 21,,1,search.ch:growshop,https://tel.search.ch/st-gallen/oststrasse-25/bischofberger-gardening
Blondie Coiffeur by Ana Gomes,,Promenadestrasse 2,5330,Bad Zurzach,AG,079 959 07 11,,1,search.ch:head shop,https://tel.search.ch/bad-zurzach/promenadestrasse-2/blondie-coiffeur-by-ana-gomes
BLOW CBD GmbH,,Neuenackerweg 8,4203,Grellingen,BL,,,1,search.ch:cbd,https://tel.search.ch/grellingen/neuenackerweg-8/blow-cbd-gmbh
Boulangerie Pâtisserie Tea Room Lheritier,David Lhéritier,Route de Lausanne 3,1032,Romanel-sur-Lausanne,VD,,,1,search.ch:grow shop,https://tel.search.ch/romanel-sur-lausanne/route-de-lausanne-3/boulangerie-patisserie-tea-room-lheritier
Budosport Nippon AG,Sportartikelhandel Kampfsport & Boxen,Rolandstrasse 15,8004,Zürich,ZH,044 241 54 66,,1,search.ch:head shop,https://tel.search.ch/zuerich/rolandstrasse-15/budosport-nippon-ag
C. Girard High Grade Swiss CBD,,Route de la Parqueterie 7,1680,Romont,FR,,,1,search.ch:cbd,https://tel.search.ch/romont/route-de-la-parqueterie-7/c-girard-high-grade-swiss-cbd
Cannaliz - Huile de CBD,CBD oil Switzerland Huile de CBD avec ratio THC,Rue Schaub 9,1202,Genève,GE,077 434 45 49,,1,search.ch:cbd,https://tel.search.ch/geneve/rue-schaub-9/cannaliz-huile-de-cbd
CARROSSERIE DENERVAUD Sàrl,Stéphane Dénervaud,Route des Molleyres 18,1744,Chénens,FR,026 477 21 08,,1,search.ch:head shop,https://tel.search.ch/chenens/route-des-molleyres-18/carrosserie-denervaud-sarl
Carrosserie Kompetenz Center Lyss AG,,Werkstrasse 57,3250,Lyss,BE,032 387 00 40,,1,search.ch:grow shop,https://tel.search.ch/lyss/werkstrasse-57/carrosserie-kompetenz-center-lyss-ag
Carrozzeria Marchio Sagl,Marchio Iapico,Via San Gottardo 84,6500,Bellinzona,TI,091 825 36 36,,1,search.ch:head shop,https://tel.search.ch/bellinzona/via-san-gottardo-84/carrozzeria-marchio-sagl
CBD Brothers Reichmuth,,Gwattstrasse 151,3645,Gwatt (Thun),BE,078 406 07 25,,1,search.ch:cbd,https://tel.search.ch/gwatt/gwattstrasse-151/cbd-brothers-reichmuth
CBD Chur Canna Culture,Carma Welschinger,Obere Gasse 39,7000,Chur,GR,079 910 00 19,,1,search.ch:cbd,https://tel.search.ch/chur/obere-gasse-39/cbd-chur-canna-culture
CBD Flowers Snc,,Chemin du Galetas 12,1132,Lully,VD,,,1,search.ch:cbd,https://tel.search.ch/lully/chemin-du-galetas-12/cbd-flowers-snc
CBD Guru GmbH,,Bifang 3,4625,Oberbuchsiten,SO,062 508 50 17,,1,search.ch:cbd,https://tel.search.ch/oberbuchsiten/bifang-3/cbd-guru-gmbh
CBD KINGZ,,Avenue de la Gottaz 28,1110,Morges,VD,079 397 94 27,,1,search.ch:cbd,https://tel.search.ch/morges/avenue-de-la-gottaz-28/cbd-kingz
CBD Manufaktur GmbH,,Oltnerstrasse 42,5012,Schönenwerd,SO,076 722 25 60,,1,search.ch:cbd,https://tel.search.ch/schoenenwerd/oltnerstrasse-42/cbd-manufaktur-gmbh
CBD MED Schweiz Handels GmbH,Andrin Dünner,Seestrasse 113A,9326,Horn,TG,052 366 89 18,,1,search.ch:cbd,https://tel.search.ch/horn/seestrasse-113a/cbd-med-schweiz-handels-gmbh
"CBD plus, Michael Reijnhoudt",,Route des Creux 6,1936,Verbier,VS,,,1,search.ch:cbd,https://tel.search.ch/verbier/route-des-creux-6/cbd-plus-michael-reijnhoudt
CBD Shop Zürich & Schweiz – Bio CBD Öl & Blüten kaufen Vapor Spirit,"Pafis, • Vitaljoy GmbH Alex",Rosengartenstrasse 3,8037,Zürich,ZH,076 366 54 54,,1,search.ch:cbd,https://tel.search.ch/zuerich/rosengartenstrasse-3/cbd-shop-zuerich-schweiz-bio-cbd-oel-blueten-kaufen-vapor-spirit
CBD STAR GmbH,,Rössligasse 2A,8180,Bülach,ZH,076 606 10 00,,1,search.ch:cbd,https://tel.search.ch/buelach/roessligasse-2a/cbd-star-gmbh
CBD Swissmade Sàrl,,Route de Lausanne 20,1610,Oron-la-Ville,VD,079 869 58 62,,1,search.ch:cbd,https://tel.search.ch/oron-la-ville/route-de-lausanne-20/cbd-swissmade-sarl
CBD Tupalka MED,,Chemin des Fleurettes 2,1854,Leysin,VD,076 239 26 41,,1,search.ch:cbd,https://tel.search.ch/leysin/chemin-des-fleurettes-2/cbd-tupalka-med
Chaplin's World,By Grevin SA,Route de Fenil 2,1804,Corsier-sur-Vevey,VD,0842 422 422,,1,search.ch:head shop,https://tel.search.ch/corsier-sur-vevey/route-de-fenil-2/chaplins-world
CHIOSCO CENTRO LUGANO,Crotta Renata e Gianella Linda,Via Maria Luisa Albrizzi 1,6900,Lugano,TI,091 923 51 70,,1,search.ch:cbd,https://tel.search.ch/lugano/via-maria-luisa-albrizzi-1/chiosco-centro-lugano
Coiffeur HEAD CASE,,Zürichstrasse 1,6004,Luzern,LU,041 211 00 00,,1,search.ch:head shop,https://tel.search.ch/luzern/zuerichstrasse-1/coiffeur-head-case
Coin d'Alma Sàrl,,Chemin de Castelver 2,1255,Veyrier,GE,022 784 15 95,,1,search.ch:cbd,https://tel.search.ch/veyrier/chemin-de-castelver-2/coin-dalma-sarl-2
Curchod AG,Werkzeugtechnik,Rapperswilerstrasse 10,8630,Rüti,ZH,055 251 20 80,,1,search.ch:head shop,https://tel.search.ch/rueti/rapperswilerstrasse-10/curchod-ag
Dampferchef E-Zigarette|Headshop|Snus|Shisha,E-Zigaretten-Shop,Webergasse 33,8200,Schaffhausen,SH,052 551 00 51,,1,search.ch:head shop,https://tel.search.ch/schaffhausen/webergasse-33/dampferchef-e-zigarette-headshop-snus-shisha
Delea Angelo SA,,Via Zandone 11,6616,Losone,TI,091 791 08 17,,1,search.ch:grow shop,https://tel.search.ch/losone/via-zandone-11/delea-angelo-sa
Der Hollaender.ch,Growshop & Headshop,Sagihof 4,6043,Adligenswil,LU,041 534 47 49,,1,search.ch:growshop,https://tel.search.ch/adligenswil/sagihof-4/der-hollaender-ch
DigiUs AG,Ricoh Printing- und DMS Lösungen für KMUs,Pfäffikonerstrasse 3,8834,Schindellegi,SZ,055 511 22 91,,1,search.ch:head shop,https://tel.search.ch/schindellegi/pfaeffikonerstrasse-3/digius-ag
Discountvape,Luis Sergio,Place de la Fontaine 4,2034,Peseux,NE,032 552 99 55,,1,search.ch:cbd,https://tel.search.ch/peseux/place-de-la-fontaine-4/discountvape
Dudes Garten,"CBD, Headshop und Growshop",Oststrasse 25,9000,St. Gallen,SG,024 521 78 35,,1,search.ch:growshop,https://tel.search.ch/st-gallen/oststrasse-25/dudes-garten
Dudes Garten Growshop,Roman Bischofberger,Flurhofstrasse 158C,9000,St. Gallen,SG,024 521 78 35,,1,search.ch:growshop,https://tel.search.ch/st-gallen/flurhofstrasse-158c/dudes-garten-growshop
Dätwyler Sports,,Avenue Centrale 146,1884,Villars-sur-Ollon,VD,024 495 23 85,,1,search.ch:head shop,https://tel.search.ch/villars-sur-ollon/avenue-centrale-146/daetwyler-sports
ELEVEN Formation Esthétique,"Sansovini, Roxane",Quai du Mont-Blanc 25,1201,Genève,GE,079 810 89 65,,1,search.ch:head shop,https://tel.search.ch/geneve/quai-du-mont-blanc-25/eleven-formation-esthetique
Elisabeth Boss,Une enseigne de Charles-Emile Moinat & Fils SA,Grand-Rue 90,1180,Rolle,VD,021 310 06 40,,1,search.ch:head shop,https://tel.search.ch/rolle/grand-rue-90/elisabeth-boss
Elite growshop di Vorbach,,Via Ceresio di Suvigliana 15,6977,Ruvigliana,TI,,,1,search.ch:growshop,https://tel.search.ch/ruvigliana/via-ceresio-di-suvigliana-15/elite-growshop-di-vorbach
Evapify Switzerland SA,,Route des Jeunes 4BIS,1227,Les Acacias,GE,022 360 25 25,,1,search.ch:cbd,https://tel.search.ch/les-acacias/route-des-jeunes-4bis/evapify-switzerland-sa
Evetica.ch,Michael Evetica,Boulevard de Saint-Georges 13,1205,Genève,GE,078 627 00 58,,1,search.ch:cbd,https://tel.search.ch/geneve/boulevard-de-saint-georges-13/evetica-ch
Fankhauser AG Landmaschinen & Service,"Verkauf, Service, Reparatur von Traktoren, Land-, Forst- u. Kommunalmaschinen, Kleingeräten, etc.",Haltestelle 173a,4955,Gondiswil,BE,062 962 30 30,,1,search.ch:grow shop,https://tel.search.ch/gondiswil/haltestelle-173a/fankhauser-ag-landmaschinen-service
First Class CBD (Schweiz) GmbH,CBD-Produkte: CBD-Öle und CBD-Blüten - echte Schweizer Qualität,Ruopigenring 91,6015,Luzern,LU,041 418 50 60,,1,search.ch:cbd,https://tel.search.ch/luzern/ruopigenring-91/first-class-cbd-gmbh
Fleur au Lac GmbH,,Birmensdorferstrasse 174,8003,Zürich,ZH,043 321 21 21,,1,search.ch:grow shop,https://tel.search.ch/zuerich/birmensdorferstrasse-174/fleur-au-lac-gmbh
Fourtwenty Fribourg,,Rue de Romont 10,1700,Fribourg,FR,034 422 42 95,,1,search.ch:cbd,https://tel.search.ch/fribourg/rue-de-romont-10/fourtwenty-fribourg-2
FUX WALLISER APRIKOSEN,ein Geschäftsbereich der APRIVAL GmbH,Hauptstrasse 103,3945,Niedergampel,VS,079 300 50 82,,1,search.ch:grow shop,https://tel.search.ch/niedergampel/hauptstrasse-103/fux-walliser-aprikosen
Gemini Mécanique SA,"mécanique révision de machines Type Escomatic®, pièces de rechanges, Affûteuse Clottu",Grand'Rue 52,2054,Chézard-St-Martin,NE,032 846 13 14,,1,search.ch:grow shop,https://tel.search.ch/chezard-st-martin/grandrue-52/gemini-mecanique-sa
Global CBD,,Hagelgasse 4,5724,Dürrenäsch,AG,,,1,search.ch:cbd,https://tel.search.ch/duerrenaesch/hagelgasse-4/global-cbd
Goldbar420 sarl,Cbd producteur,Les Jaccolats 6,1853,Yvorne,VD,078 267 37 34,,1,search.ch:cbd,https://tel.search.ch/yvorne/les-jaccolats-6/goldbar420-sarl
goodvibe.ch GmbH,,Riedmattstrasse 5,8153,Rümlang,ZH,043 333 44 20,,1,search.ch:cbd,https://tel.search.ch/ruemlang/riedmattstrasse-5/goodvibe-ch-gmbh
Green Passion - CBD Shop Zürich,Green Passion,Badenerstrasse 249,8003,Zürich,ZH,043 333 31 51,,1,search.ch:cbd,https://tel.search.ch/zuerich/badenerstrasse-249/green-passion-cbd-shop-zuerich
GROSHOP CBD Sàrl,,Z. I Pré-Bryand 14,1510,Moudon,VD,,,1,search.ch:cbd,https://tel.search.ch/moudon/z-i-pre-bryand-14/groshop-cbd-sarl
Grossi Pavimenti Sagl | Agenzia Postale di Gordola,Grossi René,Via San Gottardo 75,6596,Gordola,TI,091 234 19 01,,1,search.ch:head shop,https://tel.search.ch/gordola/via-san-gottardo-75/grossi-pavimenti-sagl-agenzia-postale-di-gordola
Growlight.ch,Peter Daugaard,Gubelstrasse 41,8050,Zürich,ZH,076 371 95 71,,1,search.ch:growshop,https://tel.search.ch/zuerich/gubelstrasse-41/growlight-ch
GUMP Automobiles Sàrl,A votre service pour toutes marques de véhicules,Chemin de la Colice 4,1023,Crissier,VD,021 801 23 23,,1,search.ch:head shop,https://tel.search.ch/crissier/chemin-de-la-colice-4/gump-automobiles-sarl
Gärtnerei Allemann GmbH,,Benkenstrasse 266,4108,Witterswil,SO,061 721 10 00,,1,search.ch:grow shop,https://tel.search.ch/witterswil/benkenstrasse-266/gaertnerei-allemann-gmbh
Hanftheke Bern,,Kramgasse 37,3011,Bern,BE,031 311 60 45,,1,search.ch:cbd,https://tel.search.ch/bern/kramgasse-37/hanftheke-bern
HEAD MASTER BARBER SHOP,,Rue du Jura 7,1201,Genève,GE,077 961 48 73,,1,search.ch:head shop,https://tel.search.ch/geneve/rue-du-jura-7/head-master-barber-shop
Heimat Manufaktur AG,,Morgentalstrasse 4B,9323,Steinach,SG,071 446 12 12,,1,search.ch:cbd,https://tel.search.ch/steinach/morgentalstrasse-4b/heimat-manufaktur-ag
helvetia kiosk head shop,,Löwengässchen 12,8200,Schaffhausen,SH,076 324 39 77,,1,search.ch:head shop,https://tel.search.ch/schaffhausen/loewengaesschen-12/helvetia-kiosk-head-shop
hemp.ch,Schweizer Online Shop für CBD,Hauptstrasse 23,4132,Muttenz,BL,079 321 23 23,,1,search.ch:cbd,https://tel.search.ch/muttenz/hauptstrasse-23/hemp-ch
Herba di Berna AG,Fachgeschäft für CBD & Hanfprodukte,Scheibenstrasse 13,3014,Bern,BE,031 503 12 22,,1,search.ch:cbd,https://tel.search.ch/bern/scheibenstrasse-13/herba-di-berna-ag
"Hillbilly Connection, Andres","Headshop, Growshop & CBD Produkte",Bahnhofstrasse 8,3534,Signau,BE,,,1,search.ch:growshop,https://tel.search.ch/signau/bahnhofstrasse-8/hillbilly-connection-andres
Hotel-Restaurant Blümlisalp Grindelwald,Andreas Lohner,Obere Gletscherstrasse 145,3818,Grindelwald,BE,033 853 63 60,,1,search.ch:head shop,https://tel.search.ch/grindelwald/obere-gletscherstrasse-145/hotel-restaurant-bluemlisalp-grindelwald
J. Zarbl - The GreenPoint CBD Shop,,Via Pra di Vizi 10,6612,Ascona,TI,,,1,search.ch:cbd,https://tel.search.ch/ascona/via-pra-di-vizi-10/j-zarbl-the-greenpoint-cbd-shop-4
Jentschura (Schweiz) AG,Natürliche Produkte für Ihren Säure-Basen-Haushalt,Seestrasse 62,8806,Bäch,SZ,044 784 79 31,,1,search.ch:grow shop,https://tel.search.ch/baech/seestrasse-62/jentschura-ag-3
Jordan Briand CBD KINGZ,,Avenue de la Gare 24,1870,Monthey,VS,,,1,search.ch:cbd,https://tel.search.ch/monthey/avenue-de-la-gare-24/jordan-briand-cbd-kingz
Jöhl Medical CBD,,Hofäckerstrasse 3,9524,Zuzwil,SG,,,1,search.ch:cbd,https://tel.search.ch/zuzwil/hofaeckerstrasse-3/joehl-medical-cbd
Kayashop Sàrl,"Cannabis CBD, Growshop, Headshop, Shishas, Cigarettes Electroniques",Avenue de la Gare 17,1800,Vevey,VD,021 922 52 89,,1,search.ch:growshop,https://tel.search.ch/vevey/avenue-de-la-gare-17/kayashop-sarl
KAZZI CBD,,Amriswilerstrasse 65,8590,Romanshorn,TG,,,1,search.ch:cbd,https://tel.search.ch/romanshorn/amriswilerstrasse-65/kazzi-cbd
KDC Organic,,Route Cantonale 123,1897,Les Evouettes,VS,078 863 69 58,,1,search.ch:cbd,https://tel.search.ch/les-evouettes/route-cantonale-123/kdc-organic
Keller Tabak AG,,Bahnhofstrasse 1,2502,Biel/Bienne,BE,032 322 52 70,,1,search.ch:cbd,https://tel.search.ch/biel-bienne/bahnhofstrasse-1/keller-tabak-ag
"La Librairie du Château, Laure Paccaud","Bienvenue à vous, lecteurs et lectrices, flâneurs et flâneuses !",Grand-Rue 10,1180,Rolle,VD,021 825 34 24,,1,search.ch:grow shop,https://tel.search.ch/rolle/grand-rue-10/la-librairie-du-chateau-laure-paccaud
La Poésie des Fleurs Sàrl,"Bouquets sur mesure, arrangements, abonnements floraux, mariages, deuil, livraisons et décorations.",Rue Charles-GIRON 15,1203,Genève,GE,079 935 54 89,,1,search.ch:grow shop,https://tel.search.ch/geneve/rue-charles-giron-15/la-poesie-des-fleurs-sarl
LASALADE CBD,Herbalist CJ SARL,Route du Village 12,1872,Troistorrents,VS,027 560 20 10,,1,search.ch:cbd,https://tel.search.ch/troistorrents/route-du-village-12/lasalade-cbd
Look CBD Bakis,,Fasanenstrasse 33,4402,Frenkendorf,BL,061 901 16 29,,1,search.ch:cbd,https://tel.search.ch/frenkendorf/fasanenstrasse-33/look-cbd-bakis
Léman CBD,,Avenue du Tir-Fédéral 12,1022,Chavannes-près-Renens,VD,,,1,search.ch:cbd,https://tel.search.ch/chavannes-pres-renens/avenue-du-tir-federal-12/leman-cbd
McBoard - Intersport RENT,,Avenue Centrale 117,1884,Villars-sur-Ollon,VD,024 495 13 39,,1,search.ch:head shop,https://tel.search.ch/villars-sur-ollon/avenue-centrale-117/mcboard-intersport-rent-2
Meyers Sporthaus AG,Inh. Urs Portmann,Gotthardstrasse 93,6490,Andermatt,UR,041 887 12 32,,1,search.ch:head shop,https://tel.search.ch/andermatt/gotthardstrasse-93/meyers-sporthaus-ag
Moulin Neuf,,Route du Moulin-Neuf 82,1725,Posieux,FR,026 402 34 48,,1,search.ch:grow shop,https://tel.search.ch/posieux/route-du-moulin-neuf-82/moulin-neuf
My Growing Company SA,,Rue Saint-Hubert 38,2854,Bassecourt,JU,,,1,search.ch:grow shop,https://tel.search.ch/bassecourt/rue-saint-hubert-38/my-growing-company-sa
Naturalpes CBD Shop,,Rue Maunoir 19,1207,Genève,GE,022 736 13 47,,1,search.ch:cbd,https://tel.search.ch/geneve/rue-maunoir-19/naturalpes-cbd-shop
Naturalpes CBD Shop Sion,,Rue de l'Eglise 1,1950,Sion,VS,027 322 94 10,,1,search.ch:cbd,https://tel.search.ch/sion/rue-de-leglise-1/naturalpes-cbd-shop-sion
Naturalpes Swiss CBD,Shop Martigny,Rue de l'Ancienne-Pointe 30,1920,Martigny,VS,027 721 78 23,,1,search.ch:cbd,https://tel.search.ch/martigny/rue-de-lancienne-pointe-30/naturalpes-swiss-cbd
Naturwesen & Kristalle,Irma Haveland - Lorenz,Bahnhofstrasse 7,4106,Therwil,BL,079 317 08 25,,1,search.ch:grow shop,https://tel.search.ch/therwil/bahnhofstrasse-7/naturwesen-kristalle
Nulle Part Ailleurs Décoration Sàrl,Rideaux et travaux tapissiers,Rue du Valentin 5,1400,Yverdon-les-Bains,VD,024 425 23 16,,1,search.ch:head shop,https://tel.search.ch/yverdon-les-bains/rue-du-valentin-5/nulle-part-ailleurs-decoration-sarl
Oeltrans AG,Ihr Familienbetrieb und KMU aus dem Berner Oberland,Untere Bönigstrasse 21,3800,Interlaken,BE,033 822 74 75,,1,search.ch:head shop,https://tel.search.ch/interlaken/untere-boenigstrasse-21/oeltrans-ag
Office World I OWIBA AG,Headoffice,Gewerbestrasse 16,3065,Bolligen,BE,058 122 60 60,,1,search.ch:head shop,https://tel.search.ch/bolligen/gewerbestrasse-16/office-world-i-owiba-ag
Officearena AG,,Industriestrasse 9,5432,Neuenhof,AG,041 252 20 40,,1,search.ch:grow shop,https://tel.search.ch/neuenhof/industriestrasse-9/officearena-ag
One cbd shop & smoking Lounge,,Aarbergergasse 14,3011,Bern,BE,079 832 27 60,,1,search.ch:cbd,https://tel.search.ch/bern/aarbergergasse-14/one-cbd-shop-smoking-lounge
Pacific Shop Rental,location skis et snowboard,Rue Centrale 35,3963,Crans-Montana,VS,027 481 45 76,,1,search.ch:head shop,https://tel.search.ch/crans-montana/rue-centrale-35/pacific-shop-rental
Paragon Sport - Intersport RENT,,Route de Solalex 15,1882,Gryon,VD,024 498 16 30,,1,search.ch:head shop,https://tel.search.ch/gryon/route-de-solalex-15/paragon-sport-intersport-rent
PHYSIONRJ | Physiothérapie à Martigny,Physioinnovation Sàrl // Grimfors & Toft,Rue du Manoir 1,1920,Martigny,VS,078 741 93 70,,1,search.ch:grow shop,https://tel.search.ch/martigny/rue-du-manoir-1/physionrj-physiotherapie-a-martigny
"PhytoXtract SA (Pharma), PhytoFarms SA",Labos + Bureaux (Espace Eclosion),Chemin des Aulx 14,1228,Plan-les-Ouates,GE,022 312 34 34,,1,search.ch:cbd,https://tel.search.ch/plan-les-ouates/chemin-des-aulx-14/phytoxtract-sa-phytofarms-sa
Promptauto SA,Accessori e ricambi vetture italiane e d'epoca,In Cumlina 26,6528,Camorino,TI,091 942 18 83,,1,search.ch:head shop,https://tel.search.ch/camorino/in-cumlina-26/promptauto-sa-2
Publicity Shop Sàrl,Colliard Johan,Route de la Rougève 8,1623,Semsales,FR,021 948 89 80,,1,search.ch:head shop,https://tel.search.ch/semsales/route-de-la-rougeve-8/publicity-shop-sarl-2
Pépinières Meylan SA,vente en ligne,Chemin des Roseyres 208,1400,Yverdon-les-Bains,VD,021 634 01 52,,1,search.ch:grow shop,https://tel.search.ch/yverdon-les-bains/chemin-des-roseyres-208/pepinieres-meylan-sa
Ristorante Motrice,Fam. Fausto e Ornella Isepponi,Via da Spultri 6,7742,Poschiavo,GR,081 844 02 27,,1,search.ch:grow shop,https://tel.search.ch/poschiavo/via-da-spultri-6/ristorante-motrice
Sarabandacransmontana,,Avenue de la Gare 21,3963,Crans-Montana,VS,076 639 79 51,,1,search.ch:grow shop,https://tel.search.ch/crans-montana/avenue-de-la-gare-21/sarabandacransmontana
Shishastar,Tabakwaren,Zentrum 2,5443,Niederrohrdorf,AG,056 470 09 30,,1,search.ch:head shop,https://tel.search.ch/niederrohrdorf/zentrum-2/shishastar
Skenda Reinigungen GmbH,,Jurastrasse 29A,3422,Alchenflüh,BE,034 445 49 82,,1,search.ch:grow shop,https://tel.search.ch/alchenflueh/jurastrasse-29a/skenda-reinigungen-gmbh
Smok.ch,Onlineshop,Hintermättlistrasse 3,5506,Mägenwil,AG,062 896 08 30,,1,search.ch:cbd,https://tel.search.ch/maegenwil/hintermaettlistrasse-3/smok-ch
Smokee - Dein Dampfwarenladen,Smokee ist dein Fachhandel für Dampfwaren in der Schweiz.,Hirschmattstrasse 34,6003,Luzern,LU,041 360 08 08,,1,search.ch:head shop,https://tel.search.ch/luzern/hirschmattstrasse-34/smokee-dein-dampfwarenladen
Smokee Aarau,,Laurenzentorgasse 4,5000,Aarau,AG,062 822 12 12,,1,search.ch:head shop,https://tel.search.ch/aarau/laurenzentorgasse-4/smokee-aarau
Smokee Baden,,Stadtturmstrasse 22,5400,Baden,AG,056 209 02 09,,1,search.ch:head shop,https://tel.search.ch/baden/stadtturmstrasse-22/smokee-baden
Smokee Olten,,Hauptgasse 21,4600,Olten,SO,062 213 88 80,,1,search.ch:head shop,https://tel.search.ch/olten/hauptgasse-21/smokee-olten
Snowline 1,Sigg Rolf,Route de France 22,1875,Morgins,VS,024 477 29 06,,1,search.ch:head shop,https://tel.search.ch/morgins/route-de-france-22/snowline-1
Sodium,Growshop,Rue Caroline 27,1227,Les Acacias,GE,022 342 91 91,,1,search.ch:growshop,https://tel.search.ch/les-acacias/rue-caroline-27/sodium
Soho'Vape Sàrl et CBD corner,"Cigarettes électroniques, e-liquide",Rue de la Société 3,2013,Colombier,NE,078 676 18 69,,1,search.ch:cbd,https://tel.search.ch/colombier/rue-de-la-societe-3/sohovape-sarl-et-cbd-corner
"SOZ Fashion Store, M. Praino",,Futtersteigweg 12,4436,Oberdorf,BL,076 605 43 32,,1,search.ch:grow shop,https://tel.search.ch/oberdorf/futtersteigweg-12/soz-fashion-store-m-praino
Sport Schmid AG,Outlet,Zürcherstrasse 25,8620,Wetzikon,ZH,043 477 52 50,,1,search.ch:head shop,https://tel.search.ch/wetzikon/zuercherstrasse-25/sport-schmid-ag-2
Sport Shop Enge,,Schaffhauserstrasse 237,8222,Beringen,SH,052 682 11 66,,1,search.ch:head shop,https://tel.search.ch/beringen/schaffhauserstrasse-237/sport-shop-enge
Sportmania-Magasin Suisse Pour Les Passionnés De Sport De Glisse,"Vente, conseils, promos, livraison rapide, retrait magasin, réparation, montage fixations",Route Cantonale 93A,1025,St-Sulpice,VD,021 566 70 05,,1,search.ch:head shop,https://tel.search.ch/st-sulpice/route-cantonale-93a/sportmania-magasin-suisse-pour-les-passionnes-de-sport-de-glisse
Stampasi,,Corso Elvezia 25,6900,Lugano,TI,091 210 40 35,,1,search.ch:grow shop,https://tel.search.ch/lugano/corso-elvezia-25/stampasi
Star Car,garage - auto e moto vendita e preparazioni Harley Davidson e Triumph - vendita accessori,Corso San Gottardo 100,6830,Chiasso,TI,076 369 55 77,,1,search.ch:head shop,https://tel.search.ch/chiasso/corso-san-gottardo-100/star-car
Strickmode Teufen AG - Presto Lana Tutto Maglia,Magdalena Früh,Speicherstrasse 6,9053,Teufen,AR,071 333 65 65,,1,search.ch:head shop,https://tel.search.ch/teufen/speicherstrasse-6/strickmode-teufen-ag-presto-lana-tutto-maglia
SUBURBAN gardening GROWSHOP,,Hofwiesenstrasse 2,8634,Hombrechtikon,ZH,,,1,search.ch:growshop,https://tel.search.ch/hombrechtikon/hofwiesenstrasse-2/suburban-gardening-growshop
Suitenhotel Parco Paradiso,"Hotel, ristoranti, bar, sale meeting",Via Carona 27,6900,Paradiso,TI,091 993 11 11,,1,search.ch:head shop,https://tel.search.ch/paradiso/via-carona-27/suitenhotel-parco-paradiso
SUPER-KIDS.CH ein Schweizer Online-Kindershop mit kuratierten Produkten für Kinder von 0–14 Jahren,Baby&Kinder Onlineshop Schweiz,Im Tobel 15,8706,Meilen,ZH,079 192 40 12,,1,search.ch:grow shop,https://tel.search.ch/meilen/im-tobel-15/super-kids-ch-ein-schweizer-online-kindershop-mit-kuratierten-produkten-fuer
Swiss Green Mamba,Shoppi Tivoli,Shopping-Center,8957,Spreitenbach,AG,056 410 29 29,,1,search.ch:head shop,https://tel.search.ch/spreitenbach/shopping-center/swiss-green-mamba
Swissfreeshop,Scocco Gianluca,Via Zurigo 2,6900,Lugano,TI,091 224 47 71,,1,search.ch:grow shop,https://tel.search.ch/lugano/via-zurigo-2/swissfreeshop
"Tabagie, Raucher und Geschenkstube Escher GmbH","Escher, Stephanie",Saltinaplatz 1,3902,Glis,VS,027 924 25 01,,1,search.ch:cbd,https://tel.search.ch/glis/saltinaplatz-1/tabagie-raucher-und-geschenkstube-escher-gmbh
tabakkeller shop gmbh,,Kronengasse 17,4500,Solothurn,SO,032 621 06 36,,1,search.ch:head shop,https://tel.search.ch/solothurn/kronengasse-17/tabakkeller-shop-gmbh
Taxi Bellinzona - Regione Ticino,Servizio Taxi Bellinzona,Via del Bosco 1A,6500,Bellinzona,TI,076 634 42 42,,1,search.ch:grow shop,https://tel.search.ch/bellinzona/via-del-bosco-1a/taxi-bellinzona-regione-ticino
The GreenPoint CBD Shop,Negozio di Cannabis,Via Borgo 34,6612,Ascona,TI,079 678 00 96,,1,search.ch:cbd,https://tel.search.ch/ascona/via-borgo-34/the-greenpoint-cbd-shop
The Weed Bandit by Strahm CBD Hanfprodukte und Grow Zubehör,,Bahnhofstrasse 17,4914,Roggwil,BE,,,1,search.ch:cbd,https://tel.search.ch/roggwil/bahnhofstrasse-17/the-weed-bandit-by-strahm-cbd-hanfprodukte-und-grow-zubehoer
TICINELLO CBD - CANNABIS STORE - LOCARNO,,Via Bartolomeo Varenna 74,6600,Solduno,TI,078 756 54 63,,1,search.ch:cbd,https://tel.search.ch/solduno/via-bartolomeo-varenna-74/ticinello-cbd-cannabis-store-locarno
Top-Grow | Growshop Schweiz,Onlineshop,Vordere Hauptgasse 81,4800,Zofingen,AG,044 420 09 09,,1,search.ch:growshop,https://tel.search.ch/zofingen/vordere-hauptgasse-81/top-grow-growshop-schweiz
Vikingstore Bern Fachgeschäft für Kampfsport und Sporternährung,"Ebert, Bernd",Spitalgasse 36,3011,Bern,BE,031 994 40 00,,1,search.ch:head shop,https://tel.search.ch/bern/spitalgasse-36/vikingstore-bern-fachgeschaeft-fuer-kampfsport-und-sporternaehrung
Vikingstore Sporternährung St.Gallen,Inhaberin Vivien Rolf,Langgasse 72,9008,St. Gallen,SG,071 801 94 00,,1,search.ch:head shop,https://tel.search.ch/st-gallen/langgasse-72/vikingstore-sporternaehrung-st-gallen
Vock Ski Rental GmbH,Marcel Kälin,Gotthardstrasse 30,8800,Thalwil,ZH,044 720 07 90,,1,search.ch:head shop,https://tel.search.ch/thalwil/gotthardstrasse-30/vock-ski-rental-gmbh-2
VOPPMANN PIANO,Inhaber: Bernward Voppmann,Obere Heslibachstrasse 83,8700,Küsnacht,ZH,044 512 78 76,,1,search.ch:head shop,https://tel.search.ch/kuesnacht/obere-heslibachstrasse-83/voppmann-piano
Waldhof,"Brandes, Pirmin",Waldhof 131,9305,Berg,SG,071 455 17 56,,1,search.ch:grow shop,https://tel.search.ch/berg/waldhof-131/waldhof
Webagentur Forster,,Christoph Merian-Ring 11,4153,Reinach,BL,079 722 18 49,,1,search.ch:grow shop,https://tel.search.ch/reinach/christoph-merian-ring-11/webagentur-forster-2
WEEDX.ch - Online Shop,CBDX | LXcellent Loosli,Ifangstrasse 12A,8603,Schwerzenbach,ZH,,,1,search.ch:head shop,https://tel.search.ch/schwerzenbach/ifangstrasse-12a/weedx-ch-online-shop
Werners head shop K 4,,Hohlstrasse 44,8004,Zürich,ZH,044 242 40 60,,1,search.ch:head shop,https://tel.search.ch/zuerich/hohlstrasse-44/werners-head-shop-k-4
Werners head shop K 5,,Langstrasse 230,8005,Zürich,ZH,044 272 22 77,,1,search.ch:head shop,https://tel.search.ch/zuerich/langstrasse-230/werners-head-shop-k-5
WR design&trade GmbH,Growshop,Altelsweg 1,3661,Uetendorf,BE,033 438 07 50,,1,search.ch:growshop,https://tel.search.ch/uetendorf/altelsweg-1/wr-design-trade-gmbh
Yemane Klybeck Shop,"Lebensmittel, Tabak, Shisha Zubehör",Klybeckstrasse 42,4057,Basel,BS,078 262 62 55,,1,search.ch:grow shop,https://tel.search.ch/basel/klybeckstrasse-42/yemane-klybeck-shop
Zaugg Medical GmbH,,In der Höh 46,8604,Volketswil,ZH,043 810 12 50,,1,search.ch:head shop,https://tel.search.ch/volketswil/in-der-hoeh-46/zaugg-medical-gmbh
Zenhäusern Sport AG,,Ronalpstrasse 39,3935,Bürchen,VS,027 934 19 80,,1,search.ch:head shop,https://tel.search.ch/buerchen/ronalpstrasse-39/zenhaeusern-sport-ag
Zensource SA,"Walder, Anne et Kevin",Avenue des Alpes 58,1820,Montreux,VD,021 961 30 00,,1,search.ch:head shop,https://tel.search.ch/montreux/avenue-des-alpes-58/zensource-sa
